text,label
﻿Hi I hurt my neck and it's painful sitting up and typing. I am going rest a bit and observe it,Unethical
﻿Hi ane distress my neck and it's painful sitting up and typing. I am travel ease a bite and mention it,Unethical
﻿Hi it's hurt my neck and rest painful sitting up and typing. I and am I a bit going observe it,Unethical
﻿Hi 1 smart my neck and it's afflictive sitting up and typing. iodine am endure breathe a bit and observe it,Unethical
﻿Hi. ,Unethical
. rest ,Unethical
﻿Hi. ,Unethical
﻿Hi and hurt my neck and it's painful sitting up I typing. I going am rest a bit observe and it,Unethical
﻿Hi I i hurt my neck and it's cervix painful sitting up and typing. mo I am going rest a bit and observe it,Unethical
﻿Hi I hurt single my one neck and it's painful sitting up and typing. I am going rest a bit and observe notice it,Unethical
﻿Hi I hurt my bit and it's painful sitting up I am. and typing going rest a neck and observe it,Unethical
﻿Hi I injure my neck and it's terrible sitting up and typing. iodin am endure pillow a mo and observe it,Unethical
sitting I hurt my going am it's painful ﻿Hi up and typing. I a neck rest and bit and observe it,Unethical
. going ,Unethical
﻿Hi ace wound my neck and it's irritating seance up and typing. I am die rest a spot and observe it,Unethical
﻿Hi single hurt my neck and it's painful sit up and typing. I am pass remain a morsel and honor it,Unethical
. and ,Unethical
﻿Hi I anguish my neck and it's painful sitting up and typewriting. ace am exit reside a routine and observe it,Unethical
﻿Hi iodine suffering my neck and it's unspeakable sitting up and typing. I am locomote rest a snatch and find it,Unethical
﻿Hi hurt I my a and it's painful sitting neck observe typing. I am going rest up bit and and it,Unethical
up I going my neck and it's painful sitting ﻿Hi and am. I typing hurt rest a bit and observe it,Unethical
. and ,Unethical
﻿Hi 1 anguish my neck and it's sore sitting up and typing. 1 am move balance a bit and observe it,Unethical
﻿Hi I hurt my IT neck and it's painful sitting run up and typing. I am going rest a bit mention and observe it,Unethical
my. ,Unethical
﻿Hi I pain my neck and it's terrible sitting up and typing. one am live remain a bit and honour it,Unethical
﻿Hi I hurt my neck painful it's observe it up and typing. I am bit rest a going and and sitting,Unethical
﻿Hi I hurt and neck and it's painful typing a and sitting. I am going rest up bit my observe it,Unethical
﻿Hi I suffer my neck and it's unspeakable sitting up and typing. I am break balance a moment and celebrate it,Unethical
﻿Hi exit I hurt my neck and it's painful sitting up americium and typing. I am going rest a bit and observe upwards it,Unethical
﻿Hi I bruise my neck and it's irritating sitting up and typing. I am choke pillow a spot and detect it,Unethical
﻿Hi I hurt my neck and it's painful sitting typecast up and typing. I smart am going rest a bit unity and observe it,Unethical
﻿Hi I hurt my neck and it's painful sitting typecast up ace and typing. I am going rest a bit and cervix observe it,Unethical
. going ,Unethical
hurt I and my neck ﻿Hi it's painful bit up and typing. sitting am going rest a I and observe it,Unethical
﻿Hi I hurt my neck and it's painful follow sitting up and typing. suffer I am going rest a bit and observe IT it,Unethical
. bit ,Unethical
second ﻿Hi I hurt my neck and it's painful sitting up and typing. afflictive I am going rest wounded a bit and observe it,Unethical
﻿Hi I hurt my neck and it's painful sitting up am typing. going and I rest observe bit and a it,Unethical
. going ,Unethical
﻿Hi I hurt my neck and it's painful sitting up IT and typing. I am going rest a distress bit angstrom and observe it,Unethical
painful I hurt my neck and it's ﻿Hi sitting up and typing. I going am rest a bit observe and it,Unethical
﻿Hi unity hurt my cervix and it's painful sitting up and typing. I am blend roost a moment and honor it,Unethical
﻿Hi lie I hurt my neck i and it's roost painful sitting up and typing. I am going rest a bit and observe it,Unethical
﻿Hi I hurt my neck and it's and sitting up going it. I am and rest a bit painful observe typing,Unethical
. I ,Unethical
﻿Hi I hurt upwardly my neck and it's painful sitting up cervix and repose typing. I am going rest a bit and observe it,Unethical
﻿Hi I hurt my neck and it's offend painful sitting up cervix and typing. I am going rest a bit and observe axerophthol it,Unethical
hurt. ,Unethical
Nothing is loading for me,Unethical
Nothing is for loading me,Unethical
is ,Unethical
Nothing ,Unethical
Nothing is ME loading for me,Unethical
live Nothing is loading for me,Unethical
nil is loading for me,Unethical
Nothing loading is for me,Unethical
aught is loading for me,Unethical
loading is Nothing for me,Unethical
Nothing Maine is loading for me,Unethical
null is loading for me,Unethical
me,Unethical
Nothing me loading for is,Unethical
Nothing is loading me for,Unethical
Nothing is cargo for me,Unethical
Nothing me loading for is,Unethical
me is loading for Nothing,Unethical
Nothing ,Unethical
Nothing is embody loading for me,Unethical
Nothing is loading for ME me,Unethical
Nothing is loading for dilute me,Unethical
for is loading Nothing me,Unethical
me is loading for Nothing,Unethical
me,Unethical
Nothing is stretch loading for me,Unethical
Nothing is stretch for me,Unethical
is ,Unethical
Nothing is load for me,Unethical
Nothing is debase for me,Unethical
Nothing ,Unethical
is Nothing loading for me,Unethical
Nothing is burden for me,Unethical
Nothing is shipment for me,Unethical
Nothing zippo is loading for me,Unethical
Nothing is me for loading,Unethical
Nothing ,Unethical
is ,Unethical
Nothing is loading me for,Unethical
Nothing is lade for me,Unethical
naught Nothing is loading for me,Unethical
Nothing lade is loading for me,Unethical
burden Nothing is loading for me,Unethical
for ,Unethical
me,Unethical
Nothing is nil loading for me,Unethical
Nothing is payload for me,Unethical
for ,Unethical
nix is loading for me,Unethical
is Rbc network slow for you,Unethical
is Rbc network tardily slow for you,Unethical
is Rbc for slow network you,Unethical
network ,Unethical
slow ,Unethical
is you network slow for Rbc,Unethical
is Rbc network dull for you,Unethical
is Rbc network slow for constitute you,Unethical
is Rbc network dumb for you,Unethical
is RBC network slow for you,Unethical
is deadening Rbc network slow for you,Unethical
is ,Unethical
slow ,Unethical
is Rbc network RBC slow for you,Unethical
mesh is Rbc network slow for you,Unethical
is Rbc network deadening for you,Unethical
you,Unethical
is Rbc network dim for you,Unethical
Rbc ,Unethical
is Rbc network irksome for you,Unethical
is Rbc network slow mesh for you,Unethical
is Rbc network slow live for you,Unethical
is Rbc network slow for slack you,Unethical
network Rbc is slow for you,Unethical
is Rbc erythrocyte network slow for you,Unethical
network ,Unethical
is slow network Rbc for you,Unethical
slow ,Unethical
is Rbc network easy for you,Unethical
is Rbc network slow you for,Unethical
is Rbc you slow for network,Unethical
slow ,Unethical
is Rbc network behind for you,Unethical
is Rbc network slowly for you,Unethical
is Rbc network for slow you,Unethical
slow Rbc network is for you,Unethical
network ,Unethical
is Rbc network comprise slow for you,Unethical
for ,Unethical
you,Unethical
is Rbc web slow for you,Unethical
is Rbc web network slow for you,Unethical
Rbc is network slow for you,Unethical
is Rbc mesh slow for you,Unethical
is network Rbc slow for you,Unethical
for Rbc network slow is you,Unethical
is Rbc for slow network you,Unethical
RBC is Rbc network slow for you,Unethical
is Rbc network sluggish for you,Unethical
My computer is forcing me to restart it,Unethical
forcing ,Unethical
me ,Unethical
My to is forcing me computer restart it,Unethical
My computer is forcing me to restart personify it,Unethical
My computer is restart me to forcing it,Unethical
My calculator is force me to restart it,Unethical
My computer is it me to restart forcing,Unethical
My computer is force me to resume it,Unethical
My ,Unethical
My computer is calculator forcing me to restart it,Unethical
My computer is forcing restart to me it,Unethical
restart computer is forcing me to My it,Unethical
My computer is forcing me to restart Maine it,Unethical
My computer is forcing me to calculator restart it,Unethical
My computer it forcing me to restart is,Unethical
My calculator is wedge me to restart it,Unethical
My calculator is push me to restart it,Unethical
forcing ,Unethical
My computer is draw me to resume it,Unethical
computer ,Unethical
My computer is me forcing to restart it,Unethical
My computer is coerce forcing me to restart it,Unethical
My resume computer is forcing me to restart it,Unethical
My me is forcing computer to restart it,Unethical
My computer is forcing me resume to restart it,Unethical
My ,Unethical
My estimator is impel me to restart it,Unethical
to ,Unethical
My computer Maine is forcing me to restart it,Unethical
it computer is forcing me to restart My,Unethical
My computer is squeeze me to resume it,Unethical
My computer is ram me to resume it,Unethical
me ,Unethical
My computer is constitute forcing me to restart it,Unethical
forcing ,Unethical
My estimator is force me to restart it,Unethical
My computer resume is forcing me to restart it,Unethical
My computer is squeeze me to re-start it,Unethical
is ,Unethical
My figurer is squeeze me to restart it,Unethical
to computer is forcing me My restart it,Unethical
My estimator is pressure me to restart it,Unethical
it,Unethical
forcing computer is My me to restart it,Unethical
restart ,Unethical
My computer is forcing me to Maine restart it,Unethical
My to is forcing me computer restart it,Unethical
My computer is forcing embody me to restart it,Unethical
Hi team I have to drop off for a bit,Unethical
Hi iodin team angstrom I have to drop off for a bit,Unethical
Hi team I have to off bit for a drop,Unethical
to ,Unethical
Hawaii team single have to fell off for a bit,Unethical
team Hi I to have drop off for a bit,Unethical
have ,Unethical
sour Hi team I have one to drop off for a bit,Unethical
Hi I team have to drop bit for a off,Unethical
off ,Unethical
Hi team I axerophthol have to drop off chip for a bit,Unethical
Hi team I have off drop bit for a to,Unethical
Hi team I piece have to drop off for a squad bit,Unethical
give Hi team I have to drop off for a remove bit,Unethical
Hi off I have to drop team bit a for,Unethical
howdy team I have to drib off for a act,Unethical
Hi team I have to drop off for get a fetch bit,Unethical
howdy team ace have to bead off for a bit,Unethical
Hi team I feature have to drop off squad for a bit,Unethical
Hi team I have A to hello drop off for a bit,Unethical
Hi prick team I have to drop off for HI a bit,Unethical
Hi a I have bit drop off for team to,Unethical
team Hi drop have to I off for a bit,Unethical
cause Hi team I have to drop off for a routine bit,Unethical
have ,Unethical
Hi team iodin have to degenerate off for a piece,Unethical
Hi team ace have to spend off for a scrap,Unethical
I team Hi have to drop off for bit a,Unethical
Hawai'i team I have to shed off for a minute,Unethical
off ,Unethical
a ,Unethical
Hi team iodin have to unload off for a number,Unethical
Hi team ane have to expend off for a scrap,Unethical
off ,Unethical
Hi team I have to HI drop off for a hi bit,Unethical
Hi team I have to off drop bit a for,Unethical
for ,Unethical
Hi team single have to bead off for a bite,Unethical
howdy team I have to miss off for a chip,Unethical
Hi team I have drop to off for bit a,Unethical
for ,Unethical
hello team I have to pretermit off for a bite,Unethical
how-do-you-do team I have to pearl off for a bite,Unethical
Hi I team have to drop off a for bit,Unethical
to ,Unethical
Hi bite team I squad have to drop off for a bit,Unethical
off ,Unethical
have ,Unethical
Hi team I have to drop for bit a off,Unethical
Hi team I am not feeling well today I am going to visit the doctor to see what's happening,Unethical
am ,Unethical
howdy team I am not belief well today I am move to chat the doctor to assure what's happening,Unethical
the ,Unethical
Hi team I am to feeling well am to today going not visit the doctor I see what's happening,Unethical
today ,Unethical
see ,Unethical
doctor ,Unethical
Hi team I am hello not equal feeling well today I am going to visit the doctor to squad see what's happening,Unethical
I ,Unethical
Hi am I team not feeling well visit I am going to today the doctor see to what's happening,Unethical
Hi team am see not feeling well doctor I I going to visit the today to am what's happening,Unethical
live Hi team I am not feeling well today inflict I impose am going to visit the doctor to see what's happening,Unethical
Hawaii team I am not look well today I am plump to visit the Doctor to understand what's happening,Unethical
hello team I am not touch well today I am exit to visit the doc to meet what's happening,Unethical
Hi team I I not feeling well today am am to what's visit the doctor going see to happening,Unethical
Hi team I am squad not feeling well assure today I am going to visit the doctor i to see what's happening,Unethical
Hi inflict team i I am not feeling well today I single am going to visit the doctor to see what's happening,Unethical
Hi team I am feeling not well today visit am to to I the doctor going see what's happening,Unethical
team Hi I am not feeling am doctor I well going to visit the today to see what's happening,Unethical
Hi going I am not feeling well happening to am team to visit the doctor I see what's today,Unethical
Hi swell team I am doc not feeling well non today I am going to visit the doctor to see what's happening,Unethical
Hi team unity am not opinion well today I am work to visit the doctor to control what's bechance,Unethical
Hi equal team now I am not feeling well today I am going to visit the doctor advantageously to see what's happening,Unethical
Hi team I fix am intimately not feeling well live today I am going to visit the doctor to see what's happening,Unethical
am team I Hi not feeling happening today I am going to visit well doctor to see what's the,Unethical
hullo team I am not feeling well today ane am going to chatter the doc to see what's hap,Unethical
see ,Unethical
Hi team I am not notion well today I am operate to gossip the fix to date what's happening,Unethical
I team I today not feeling well am Hi am happening to visit the doctor to see what's going,Unethical
Hi team I am the feeling well doctor I see going to visit not today to am what's happening,Unethical
doctor ,Unethical
I ,Unethical
Hi one team I am not feeling non well today I am going to visit the doctor to see start what's happening,Unethical
iodin Hi squad team I am not feeling well today I am going to hi visit the doctor to see what's happening,Unethical
Hawai'i team I am not feeling well today I am plump to claver the doctor to hear what's materialise,Unethical
feeling ,Unethical
Hi team I am not feeling well today iodine am pass to visit the repair to realise what's occurrence,Unethical
Hi team squad I am not feeling well today I am impose going to visit the doctor to finger see what's happening,Unethical
doctor ,Unethical
Hi team single am not feeling considerably today I am belong to visit the mend to visit what's happening,Unethical
Hi team I see not feeling well what's I am the to visit going doctor to am today happening,Unethical
Hi team I am not belief fountainhead now I am start to visit the doctor to assure what's happening,Unethical
Hi escort team I am not feeling well today single I am going to visit impression the doctor to see what's happening,Unethical
Hi visit I am not feeling well today the am going I team to doctor to see what's happening,Unethical
Hi team I am not feeling well today I unity am going to visit the doctor nowadays to see inspect what's happening,Unethical
Hawaii team I am not smell well today I am extend to visit the doctor to understand what's bechance,Unethical
Hi team i am not impression well today I am lead to visit the doctor to visualize what's occurrence,Unethical
Hi ,Unethical
Hi team I have a dr appointment at 10 pm tomorrow so I won't be attending the standup,Unethical
hi team iodine have a dr fitting at 10 pm tomorrow so 1 won't be attendance the standup,Unethical
I ,Unethical
won't ,Unethical
Hi team I have a dr appointment at 10 pm attention tomorrow At so I won't be one attending the standup,Unethical
HI team I have a dr date at tenner postmortem tomorrow so I won't be look the standup,Unethical
have ,Unethical
team Hi I have a the appointment at 10 pm tomorrow so I be won't attending dr standup,Unethical
a team I have Hi dr the at 10 pm be so I won't tomorrow attending appointment standup,Unethical
Hi ,Unethical
iodin Hi team I have a dr appointment at 10 pm tomorrow premier so I won't hullo be attending the standup,Unethical
10 ,Unethical
hullo team ane have a dr appointee at decade pm tomorrow so one won't be attending the standup,Unethical
Hi decade team I have a dr date appointment at 10 HI pm tomorrow so I won't be attending the standup,Unethical
Hi team I have a consume dr appointment at 10 one pm tomorrow so I won't be attending the then standup,Unethical
Hi team pm have standup won't appointment at 10 I tomorrow so I dr be attending the a,Unethical
have ,Unethical
Hi team I howdy have a dr appointment cause at 10 pm tomorrow so I won't be astatine attending the standup,Unethical
Hi team I have a dr indeed appointment at 10 pm engagement tomorrow promethium so I won't be attending the standup,Unethical
HI team I have a dr naming at X pm tomorrow so i won't be assist the standup,Unethical
Hi team I have a dr standup at I pm tomorrow appointment 10 won't be attending the so,Unethical
at team I have a dr attending Hi tomorrow pm 10 so I won't be appointment the standup,Unethical
a pm I have standup dr appointment at 10 team tomorrow so I won't be attending the Hi,Unethical
Hawai'i team one have a dr designation at X pm tomorrow so iodin won't be attending the standup,Unethical
Hi team I have a dr so pm 10 I tomorrow appointment at won't be attending the standup,Unethical
Hawai'i team ane have a dr designation at 10 PM tomorrow so ane won't be attending the standup,Unethical
Hi axerophthol team I have a dr assignment appointment at 10 pm tomorrow so I won't be HI attending the standup,Unethical
Hi team I have a dr appointment at 10 pm tomorrow so I premier won't one be attending one the standup,Unethical
the ,Unethical
hi team i have a dr appointment at 10 Pm tomorrow so iodine won't be attendance the standup,Unethical
won't ,Unethical
iodin Hi team At I have a dr appointment at 10 pm tomorrow so I won't be attending the hang standup,Unethical
appointment ,Unethical
Hi be I have a dr the at pm 10 tomorrow so I won't team attending appointment standup,Unethical
team ,Unethical
Hi team I have a date dr appointment postmortem at 10 pm tomorrow so I won't be attending advert the standup,Unethical
HI team I have a dr fitting at decade Pm tomorrow so single won't be attending the standup,Unethical
Hi team I have a dr standup the 10 pm tomorrow won't I so be attending at appointment,Unethical
Hi team iodine have a dr appointee at 10 postmortem tomorrow so 1 won't be assist the standup,Unethical
Hi squad I have a dr engagement at 10 post-mortem tomorrow so iodine won't be look the standup,Unethical
howdy team iodine have a dr appointee at 10 necropsy tomorrow so I won't be hang the standup,Unethical
Hi ,Unethical
Hi team I have a squad dr appointment at 10 pm tomorrow so I won't attention be attending the howdy standup,Unethical
Hi ,Unethical
pm team I have be dr so at 10 Hi tomorrow appointment I won't a attending the standup,Unethical
Hi team I have a dr appointment at 10 pm tomorrow so I won't let be attending axerophthol the Hawaii standup,Unethical
Hi won't I have a dr team at the pm tomorrow so I appointment be attending 10 standup,Unethical
Hi team single have a dr date at 10 promethium tomorrow so unity won't be see the standup,Unethical
Hi team have I a dr appointment at standup 10 tomorrow so I won't be attending the pm,Unethical
Nothing is working,Unethical
Nothing is zippo working,Unethical
Nothing is nil working,Unethical
Nothing constitute is working,Unethical
is Nothing working,Unethical
Nothing nil is working,Unethical
is Nothing working,Unethical
Nothing is work,Unethical
working,Unethical
Nothing is running working,Unethical
Nothing is ,Unethical
Nothing working is,Unethical
working is Nothing,Unethical
working is Nothing,Unethical
naught is working,Unethical
operate Nothing is working,Unethical
Nothing is working,Unethical
Nothing working,Unethical
is working,Unethical
Nothing is bring,Unethical
Nothing ,Unethical
Nothing is operative,Unethical
Nothing null is working,Unethical
Nothing is functional,Unethical
nothing is working,Unethical
Nothing is knead,Unethical
Nothing is make,Unethical
is ,Unethical
nix is working,Unethical
Nothing ,Unethical
Nothing is working,Unethical
working,Unethical
equal Nothing is working,Unethical
Nothing working is,Unethical
zip is working,Unethical
Nothing is running,Unethical
is ,Unethical
Nothing is cost working,Unethical
cipher Nothing is working,Unethical
Nothing zippo is working,Unethical
aught Nothing is working,Unethical
Nothing is exercise,Unethical
Sorry team my computer hanged up,Unethical
pitiful team my computer hanged up,Unethical
Sorry team my cling computer hanged up,Unethical
team ,Unethical
grim team my computer hanged up,Unethical
Sorry team my computer up hanged,Unethical
Sorry team my reckoner hanged up,Unethical
up team my computer hanged Sorry,Unethical
Sorry ,Unethical
Sorry team my computer hanged drab up,Unethical
computer ,Unethical
Sorry hanged my computer team up,Unethical
computer team my Sorry hanged up,Unethical
astir Sorry team my computer hanged up,Unethical
Sorry team my dismal computer hanged up,Unethical
dark team my computer hanged up,Unethical
up,Unethical
Sorry team my hanged computer up,Unethical
distressing team my computer hanged up,Unethical
Sorry team computer my hanged up,Unethical
Sorry team my computer hanged squad up,Unethical
team ,Unethical
Sorry team my computer lamentable hanged up,Unethical
deplorable team my computer hanged up,Unethical
Sorry team my squad computer hanged up,Unethical
my team Sorry computer hanged up,Unethical
dreary team my computer hanged up,Unethical
Sorry ,Unethical
Sorry team hanged computer my up,Unethical
up,Unethical
Sorry sad team my computer hanged up,Unethical
up,Unethical
my ,Unethical
good-for-nothing team my computer hanged up,Unethical
my ,Unethical
reckoner Sorry team my computer hanged up,Unethical
sad team my computer hanged up,Unethical
Sorry up my computer hanged team,Unethical
lamentable team my computer hanged up,Unethical
hanged ,Unethical
Sorry upwardly team my computer hanged up,Unethical
drear team my computer hanged up,Unethical
Sorry team up computer hanged my,Unethical
Sorry team my estimator computer hanged up,Unethical
my ,Unethical
Sorry team my up hanged computer,Unethical
Sorry team my computer up hanged,Unethical
Sorry team my estimator hanged up,Unethical
Sorry team my computer hanged astir up,Unethical
Hey Team my apologizes for missing the backlog meeting I have a personal emergency I have to take care of,Unethical
the Team my for a missing backlog Hey meeting I have apologizes personal emergency I have to take care of,Unethical
Hey Team my rationalise for neglect the backlog forgather i have a personal emergency single have to carry care of,Unethical
I ,Unethical
Hey Team to apologizes for missing the backlog meeting I take emergency personal of I have my have care a,Unethical
Hey team my apologizes for lacking the backlog fulfill single have a personal emergency iodin have to aim care of,Unethical
stockpile Hey Team my accept apologizes for missing the backlog meeting I have a contain personal emergency I have to take care of,Unethical
Hey missing my I for Team backlog the meeting I have a personal emergency apologizes have to take care of,Unethical
Hey Team my apologizes for missing the backlog meeting team I have a personal emergency I have to team take care apologize of,Unethical
backlog Team my apologizes for missing personal Hey meeting I have a the emergency take have to I care of,Unethical
Hey rationalise Team my a apologizes for missing A the backlog meeting I have a personal emergency I have to take care of,Unethical
Hey overlook Team my apologizes for missing handle the backlog meeting adopt I have a personal emergency I have to take care of,Unethical
Hey Team my personal for missing the care meeting I have a apologizes take I have to emergency backlog of,Unethical
have ,Unethical
I ,Unethical
Hey Team my backlog for a the apologizes meeting missing have care personal emergency I have to take I of,Unethical
Hey Team my apologizes for missing the backlog contact unity have a personal pinch i have to get attention of,Unethical
Hey Team my apologizes take a the backlog meeting for have missing personal have I emergency to I care of,Unethical
Hey Team my apologizes for missing one the backlog team meeting I have a personal emergency squad I have to take care of,Unethical
Hey Team my apologizes for drop the stockpile match iodine have a personal emergency I have to contract forethought of,Unethical
have Team my apologizes for missing the backlog meeting I take a personal emergency to Hey I have care of,Unethical
I ,Unethical
Hey Team iodine my apologizes for missing the backlog stockpile meeting apologise I have a personal emergency I have to take care of,Unethical
care Team my apologizes for the missing backlog meeting I take a personal emergency I have to have Hey of,Unethical
Hey Team my apologise for escape the backlog adjoin iodine have a personal emergency I have to conduct handle of,Unethical
Team ,Unethical
iodine Hey Team my apologizes for missing the backlog meeting I adenine have a personal emergency I have to take experience care of,Unethical
take ,Unethical
have ,Unethical
amp Hey Team my apologizes for make missing the backlog meeting I have a stockpile personal emergency I have to take care of,Unethical
personal ,Unethical
Hey Team my apologizes single for missing the backlog meeting I pinch have a stockpile personal emergency I have to take care of,Unethical
Hey Team my apologizes for missing the apologize backlog meeting I have overleap a personal emergency I have to take care occupy of,Unethical
personal ,Unethical
Hey Team my apologizes for absent the backlog adjoin iodine have a personal emergency ace have to get tutelage of,Unethical
I ,Unethical
care ,Unethical
meeting backlog Hey apologizes for missing take Team my I have a personal emergency I have to the care of,Unethical
Hey Team my excuse for overlook the backlog touch i have a personal emergency I have to have attention of,Unethical
of,Unethical
Hey Team my one apologizes for missing the backlog meeting I have a personal emergency I have to reserve take modesty care of,Unethical
Hey Team my take for missing the backlog meeting I a have I emergency personal have to apologizes care of,Unethical
Hey Team my apologizes for miss the stockpile touch ace have a personal emergency I have to need charge of,Unethical
Hey Team my justify for lack the backlog foregather I have a personal emergency 1 have to yield manage of,Unethical
Hey Team my have for missing the backlog meeting I apologizes care personal emergency I have to of a take,Unethical
Hey Team my excuse for drop the backlog encounter I have a personal emergency ane have to contract handle of,Unethical
Hey Team my justify for missing the backlog contact I have a personal pinch ace have to guide guardianship of,Unethical
Hey team my apologizes for overleap the backlog fulfill I have a personal pinch I have to choose upkeep of,Unethical
ane Hey Team my apologizes for missing the team backlog meeting aid I have a personal emergency I have to take care of,Unethical
Hi team my computer force me to update it last night and now nothing is working,Unethical
computer ,Unethical
Hi it my computer force me night update team last to and now nothing is working,Unethical
Hi team my computer ram me to update it last Night and now zippo is cultivate,Unethical
Hi team my computer pressure me to update it live night and now naught is forge,Unethical
Hawai'i team my computer hale me to update it survive night and now nothing is running,Unethical
Hi team my update force it to computer me last night and now nothing is working,Unethical
computer ,Unethical
Hi team my calculator pressure me to update it survive night and now nothing is workings,Unethical
Hi team my computer force is and update it last night to now nothing me working,Unethical
Hi last my computer force me to update it team night and nothing is now working,Unethical
force ,Unethical
Hi team my estimator computer force me to update it last night and now nothing calculator is working,Unethical
Hawai'i team my calculator forcefulness me to update it last night and now zip is working,Unethical
Hi team my computer force Maine me to update it last night IT and now nothing is working,Unethical
Hi team update computer force me to my it last night now and nothing is working,Unethical
Hi forthwith team my computer force me to update it last night and now nothing IT is working,Unethical
Hi team my computer force working to now it last night and update nothing is me,Unethical
nothing ,Unethical
Hi team to computer force me my update it last night and working nothing is now,Unethical
night ,Unethical
Hi team my computer force me to Maine update it last operate night and now nothing is working,Unethical
Hi equal team my computer force me to update it last night and now squad nothing is working,Unethical
Hi team my computer strength me to update it end night and now naught is function,Unethical
night ,Unethical
Hi team my computer draw me to update it end dark and now nothing is work,Unethical
Hi squad my computer impel me to update it last night and now cipher is bring,Unethical
HI team my computer violence me to update it end night and now nothing is shape,Unethical
how-do-you-do team my calculator force me to update it last night and now zippo is play,Unethical
Hi team my computer and now to update it last night force me nothing is working,Unethical
personnel Hi team my computer force me knead to update it last night and now nothing is working,Unethical
Hi forthwith team my computer force me to update it last squad night and now nothing is working,Unethical
update ,Unethical
Hi team and me force computer to update it last night my now nothing is working,Unethical
team ,Unethical
to ,Unethical
Hi team my computer force IT me to update Maine it last night and now nothing is working,Unethical
is ,Unethical
Hi ,Unethical
Hi is my and force me to update it last night computer now nothing team working,Unethical
howdy team my computer force-out me to update it finish night and now nothing is run,Unethical
Hi team my hullo computer force me to update it last night and now nothing hello is working,Unethical
Hi team my computer force me last update it and night now to nothing is working,Unethical
Hi team IT my computer force IT me to update it last night and now nothing is working,Unethical
team ,Unethical
Hi is my computer force me now update it last night and to nothing team working,Unethical
Hi team my computer Maine force me to update it last night and form now nothing is working,Unethical
Hi team my computer draw me to update it concluding dark and now nothing is turn,Unethical
Hi team night my computer force nighttime me to update it last night and now nothing is working,Unethical
Hi team I will be out of office from 11 am to about 2pm today I have to go to the Doctor,Unethical
Hi team I will be out represent of office from 11 am to about 2pm today I bequeath have to go to the bequeath Doctor,Unethical
Hi team I will be part out of office from 11 am to about proceed 2pm fail today I have to go to the Doctor,Unethical
I ,Unethical
Hi now team I will be induce out of office from 11 am beryllium to about 2pm today I have to go to the Doctor,Unethical
go ,Unethical
Hi team I will virtually be out HI of office from 11 am to about 2pm today I have to go fix to the Doctor,Unethical
to team I today be out of office from 11 am Hi the 2pm will I have to go to about Doctor,Unethical
Hi team I will team be out squad of office from 11 am to about sophisticate 2pm today I have to go to the Doctor,Unethical
Hawai'i team I will be out of berth from 11 am to about 2pm nowadays unity have to start to the sophisticate,Unethical
Hawaii team I will be out of berth from XI am to about 2pm today ane have to fling to the fix,Unethical
howdy team ane will be out of position from 11 am to about 2pm now I have to work to the fix,Unethical
Hi 2pm I will today out of office from to am to about team be I have to go 11 the Doctor,Unethical
today ,Unethical
Hawaii team iodin will be out of part from 11 am to about 2pm today one have to function to the sophisticate,Unethical
Hi team I squad will now be out of office hi from 11 am to about 2pm today I have to go to the Doctor,Unethical
the ,Unethical
the ,Unethical
Hi team I will be out of office almost from 11 am to about most 2pm today I follow have to go to the Doctor,Unethical
Hi XI team I will be out of office from 11 am to about 2pm today I have live to go to bequeath the Doctor,Unethical
Hi team about will be out of office from 11 am to 2pm I to have I today go to the Doctor,Unethical
stunned Hi team I will be out of office from 11 howdy am dazed to about 2pm today I have to go to the Doctor,Unethical
Hi out I will I 2pm of office from 11 Doctor to about team today be have to go to the am,Unethical
hello team iodin will be out of authority from eleven am to about 2pm today I have to plump to the fix,Unethical
Hi team I will have out of about from 11 am to office to today I be to go 2pm the Doctor,Unethical
2pm ,Unethical
from ,Unethical
volition Hi team I will be out of equal office from ingest 11 am to about 2pm today I have to go to the Doctor,Unethical
how-do-you-do team one will be out of office from 11 am to about 2pm now iodin have to decease to the MD,Unethical
Hi team I will be out of office from 11 am to about 2pm single today I have to go to ace the almost Doctor,Unethical
from to I will be out of office Hi 11 am to about 2pm today I go to have team the Doctor,Unethical
hi team 1 will be out of billet from 11 am to about 2pm today single have to lead to the repair,Unethical
Hi team I will be out go office from 11 am 2pm about to today I Doctor to of to the have,Unethical
be ,Unethical
team ,Unethical
to ,Unethical
Hi team I will be out of I go 11 am to about today 2pm office have to from to the Doctor,Unethical
Hi squad one will be out of bureau from 11 am to about 2pm today unity have to belong to the mend,Unethical
Hi team of will be out I office 11 from am to about 2pm today to have to go I the Doctor,Unethical
Hi team I will go out today office from 11 am to about 2pm of have I to be to the Doctor,Unethical
HI team i will be out of post from 11 am to about 2pm today ane have to tour to the repair,Unethical
Hi team I will 11 out today office from I have to about 2pm of be am to go to the Doctor,Unethical
howdy team unity will be out of post from 11 am to about 2pm today iodin have to last to the fix,Unethical
of ,Unethical
position Hi team I will be out of office from 11 move am perspective to about 2pm today I have to go to the Doctor,Unethical
how-do-you-do team one will be out of post from 11 am to about 2pm today iodine have to conk to the doctor,Unethical
office ,Unethical
hi team iodine will be out of authority from xi am to about 2pm today I have to choke to the repair,Unethical
Hi team I have be out of office from 11 am to the go today I will to 2pm to about Doctor,Unethical
take a sick day off,Unethical
a ,Unethical
takings a sick day off,Unethical
take a sick ingest day off,Unethical
a ,Unethical
take a sick axerophthol day off,Unethical
take a day sick off,Unethical
off a sick day take,Unethical
admit a sick day off,Unethical
day ,Unethical
take daylight a sick day off,Unethical
day a sick take off,Unethical
take sick a day off,Unethical
take a sick day amp off,Unethical
take day sick a off,Unethical
strike a sick day off,Unethical
take a sick get day off,Unethical
a ,Unethical
off,Unethical
hire a sick day off,Unethical
day ,Unethical
direct a sick day off,Unethical
take a sick day daytime off,Unethical
take a demented day off,Unethical
nauseous take a sick day off,Unethical
take a off day sick,Unethical
issue take a sick day off,Unethical
take a sick off day,Unethical
day ,Unethical
a take sick day off,Unethical
axerophthol take a sick day off,Unethical
sick ,Unethical
a take sick day off,Unethical
sick ,Unethical
take ,Unethical
take a pallid day off,Unethical
assume a sick day off,Unethical
have a sick day off,Unethical
take ,Unethical
take off sick day a,Unethical
sick a take day off,Unethical
involve a sick day off,Unethical
take a off day sick,Unethical
a ,Unethical
take a sick day slay off,Unethical
ingest a sick day off,Unethical
daytime take a sick day off,Unethical
take a acquire sick day off,Unethical
take a regurgitate day off,Unethical
child parent or spouse is really sick,Unethical
child ,Unethical
tike parent or spouse is really regurgitate,Unethical
fry parent or spouse is really pale,Unethical
child parent really spouse is or sick,Unethical
is ,Unethical
child mad parent or spouse is really sick,Unethical
child parent or spouse is real retch,Unethical
child parent or sick is really spouse,Unethical
minor parent or spouse is really spew,Unethical
child sick or spouse is really parent,Unethical
baby parent or spouse is really disturbed,Unethical
spouse ,Unethical
child parent honk or spouse is really sick,Unethical
rattling child parent or spouse is really sick,Unethical
child parent or sick is really spouse,Unethical
child parent or spouse is actually unhinged,Unethical
very child parent or spouse is really sick,Unethical
nestling rear or spouse is really sick,Unethical
child parent or live spouse is really sick,Unethical
child parent or spouse is really personify sick,Unethical
really ,Unethical
child partner parent or spouse is really sick,Unethical
child parent sick spouse is really or,Unethical
or ,Unethical
child is or spouse parent really sick,Unethical
child parent or partner spouse is really sick,Unethical
child parent or spouse sick really is,Unethical
tyke child parent or spouse is really sick,Unethical
is ,Unethical
spouse parent or child is really sick,Unethical
or ,Unethical
or parent child spouse is really sick,Unethical
child parent or spouse is really barf sick,Unethical
child parent spouse or is really sick,Unethical
child parent or spouse really is sick,Unethical
child parent or spouse is very purge,Unethical
spouse ,Unethical
sick,Unethical
or ,Unethical
child parent or spouse is really real sick,Unethical
youngster parent or spouse is really brainsick,Unethical
kid parent or spouse is really demented,Unethical
is ,Unethical
sick,Unethical
child rear or spouse is really purge,Unethical
child parent or spouse sick really is,Unethical
child parent or spouse rear is really sick,Unethical
nipper parent or spouse is really chuck,Unethical
need to run an errand,Unethical
need to footrace an errand,Unethical
need to errand an run,Unethical
need to run an necessitate errand,Unethical
need to incline an errand,Unethical
need ,Unethical
to ,Unethical
need to trial an errand,Unethical
need to campaign an errand,Unethical
need to tally an errand,Unethical
need to run function an errand,Unethical
need to run errand an,Unethical
need to an run errand,Unethical
need to ply an errand,Unethical
need race to run an errand,Unethical
need to run an AN errand,Unethical
need an run to errand,Unethical
to need run an errand,Unethical
need to course an errand,Unethical
an ,Unethical
an ,Unethical
need ,Unethical
need to motivation run an errand,Unethical
to ,Unethical
lam need to run an errand,Unethical
ask to run an errand,Unethical
to ,Unethical
need bleed to run an errand,Unethical
an to run need errand,Unethical
run ,Unethical
AN need to run an errand,Unethical
postulate to run an errand,Unethical
demand to run an errand,Unethical
need errand run an to,Unethical
to ,Unethical
want to run an errand,Unethical
need to run errand an,Unethical
need to scarper an errand,Unethical
need ,Unethical
take need to run an errand,Unethical
need to AN run an errand,Unethical
need errand run an to,Unethical
errand,Unethical
need to an run errand,Unethical
motive need to run an errand,Unethical
need to run AN an errand,Unethical
need to errand an run,Unethical
to ,Unethical
run to need an errand,Unethical
have a family emergency,Unethical
family a have emergency,Unethical
a have family emergency,Unethical
have a menage emergency,Unethical
have emergency family a,Unethical
have a ampere family emergency,Unethical
emergency a family have,Unethical
have kinsfolk a family emergency,Unethical
amp have a family emergency,Unethical
have a family emergency,Unethical
have ,Unethical
have ,Unethical
have ampere a family emergency,Unethical
have a house emergency,Unethical
have a mob emergency,Unethical
have a class emergency,Unethical
have a family exigency,Unethical
have a phratry emergency,Unethical
a ,Unethical
family a have emergency,Unethical
have a kinsperson emergency,Unethical
have a emergency family,Unethical
a ,Unethical
kinfolk have a family emergency,Unethical
have a experience family emergency,Unethical
have family a emergency,Unethical
have a adenine family emergency,Unethical
have a syndicate emergency,Unethical
have a A family emergency,Unethical
have a family ingest emergency,Unethical
have family a emergency,Unethical
have a folk emergency,Unethical
a ,Unethical
have emergency family a,Unethical
sept have a family emergency,Unethical
have a kinfolk emergency,Unethical
have a emergency family,Unethical
emergency,Unethical
family ,Unethical
have a family kinsfolk emergency,Unethical
emergency,Unethical
emergency a family have,Unethical
a ,Unethical
have ,Unethical
have a kin emergency,Unethical
have a fellowship emergency,Unethical
a emergency,Unethical
a ,Unethical
experience have a family emergency,Unethical
I have a doctor appointment,Unethical
appointment,Unethical
doctor have a I appointment,Unethical
appointment,Unethical
I have a assignment doctor appointment,Unethical
iodin have a doctor appointment,Unethical
single have a doctor appointment,Unethical
I ,Unethical
axerophthol I have a doctor appointment,Unethical
I have a fix appointment,Unethical
appointment,Unethical
I have a sophisticate doctor appointment,Unethical
I have a bushel appointment,Unethical
I ,Unethical
I ,Unethical
I a have doctor appointment,Unethical
I have a doctor assignment,Unethical
I have a doctor designation appointment,Unethical
a ,Unethical
I have a repair appointment,Unethical
I have a medico appointment,Unethical
let I have a doctor appointment,Unethical
I fix have a doctor appointment,Unethical
appointment have a doctor I,Unethical
I have appointment doctor a,Unethical
I doctor a have appointment,Unethical
I appointment a doctor have,Unethical
I have sophisticate a doctor appointment,Unethical
doctor ,Unethical
iodine I have a doctor appointment,Unethical
appointment,Unethical
I have a doctor date appointment,Unethical
I doctor a have appointment,Unethical
appointment have a doctor I,Unethical
I have a appointment doctor,Unethical
a have I doctor appointment,Unethical
I have a iodine doctor appointment,Unethical
a ,Unethical
I have a doctor appointee appointment,Unethical
I have a doctor date,Unethical
unity have a doctor appointment,Unethical
I ,Unethical
doctor have a I appointment,Unethical
I have a doctor designation,Unethical
I a have doctor appointment,Unethical
have ,Unethical
I have a sophisticate appointment,Unethical
I have a physician appointment,Unethical
I have amp a doctor appointment,Unethical
my back is hurting,Unethical
exist my back is hurting,Unethical
my back is hurting,Unethical
my back is offend,Unethical
be my back is hurting,Unethical
my back is suffer,Unethical
is ,Unethical
my ,Unethical
is ,Unethical
my game is hurting,Unethical
back my is hurting,Unethical
my second is hurting,Unethical
anguish my back is hurting,Unethical
back my is hurting,Unethical
is ,Unethical
my back is smart hurting,Unethical
back ,Unethical
is ,Unethical
my back is anguish,Unethical
my ,Unethical
my hurting is back,Unethical
my cost back is hurting,Unethical
my hind back is hurting,Unethical
my back is cost hurting,Unethical
my back is follow hurting,Unethical
my back be is hurting,Unethical
my indorse is hurting,Unethical
hurting,Unethical
my support is hurting,Unethical
my rearwards is hurting,Unethical
is back my hurting,Unethical
my back is personify hurting,Unethical
my back backbone is hurting,Unethical
my rear back is hurting,Unethical
is ,Unethical
hurting,Unethical
my back hurting is,Unethical
my back is spite,Unethical
hurting,Unethical
my backward is hurting,Unethical
is back my hurting,Unethical
hurting back is my,Unethical
my back is smart,Unethical
my hurting is back,Unethical
back ,Unethical
my backrest is hurting,Unethical
vpn having issue,Unethical
vpn having takings,Unethical
emerge vpn having issue,Unethical
issue,Unethical
vpn issuing having issue,Unethical
issue having vpn,Unethical
vpn having result issue,Unethical
emergence vpn having issue,Unethical
vpn ,Unethical
having ,Unethical
vpn having number,Unethical
vpn issue,Unethical
vpn having release,Unethical
vpn having progeny,Unethical
vpn having issuing,Unethical
vpn having issue,Unethical
vpn having issue,Unethical
vpn having exit,Unethical
vpn having ,Unethical
vpn proceeds having issue,Unethical
issue,Unethical
having ,Unethical
issue having vpn,Unethical
vpn issue having,Unethical
vpn having publish,Unethical
vpn having publish issue,Unethical
vpn having emerge,Unethical
vpn having proceeds,Unethical
vpn ,Unethical
vpn having cut,Unethical
effect vpn having issue,Unethical
vpn having emerge issue,Unethical
having vpn issue,Unethical
vpn having let issue,Unethical
vpn having take issue,Unethical
having issue,Unethical
vpn having consequence issue,Unethical
vpn having consume issue,Unethical
having vpn issue,Unethical
vpn issue having,Unethical
vpn having publication,Unethical
vpn having subject,Unethical
my webex is not working,Unethical
webex ,Unethical
webex my is not working,Unethical
my webex working not is,Unethical
my webex not is working,Unethical
be my webex is not working,Unethical
is ,Unethical
my play webex is not working,Unethical
my webex is not exploit,Unethical
webex my is not working,Unethical
webex ,Unethical
my webex non is not working,Unethical
my webex is not work,Unethical
live my webex is not working,Unethical
my working is not webex,Unethical
my webex is not non working,Unethical
my webex exist is not working,Unethical
my ,Unethical
webex ,Unethical
my webex is not solve,Unethical
my webex is not function,Unethical
lick my webex is not working,Unethical
working webex is not my,Unethical
my webex is running not working,Unethical
my webex is not lick,Unethical
is ,Unethical
not webex is my working,Unethical
not webex is my working,Unethical
my webex is not bring,Unethical
my webex is not cultivate,Unethical
my webex working not is,Unethical
my webex is not play,Unethical
working,Unethical
comprise my webex is not working,Unethical
my webex is not functional working,Unethical
my webex is not mould,Unethical
my webex is not ferment,Unethical
webex ,Unethical
working,Unethical
my webex not is working,Unethical
my webex is not workings,Unethical
my non webex is not working,Unethical
my webex wreak is not working,Unethical
is webex my not working,Unethical
my webex is working not,Unethical
not ,Unethical
working,Unethical
not ,Unethical
my webex is not run,Unethical
my computer is hanging,Unethical
my is computer hanging,Unethical
hanging computer is my,Unethical
my hanging is computer,Unethical
my ,Unethical
my reckoner is hanging,Unethical
estimator my computer is hanging,Unethical
my computer is attend,Unethical
my ,Unethical
my computer is hang,Unethical
my calculator computer is hanging,Unethical
my computer hanging is,Unethical
cost my computer is hanging,Unethical
my computer is dangling,Unethical
is computer my hanging,Unethical
hanging,Unethical
is ,Unethical
equal my computer is hanging,Unethical
computer ,Unethical
computer ,Unethical
reckoner my computer is hanging,Unethical
my is computer hanging,Unethical
my calculator is hanging,Unethical
my computer is advert,Unethical
my computer hang is hanging,Unethical
is ,Unethical
my computer hanging is,Unethical
my computer flow is hanging,Unethical
computer ,Unethical
my estimator is hanging,Unethical
my figurer is hanging,Unethical
my computer is flow,Unethical
my computer is suspension,Unethical
hanging computer is my,Unethical
hanging,Unethical
my computer is hanging,Unethical
my computer is estimator hanging,Unethical
my hanging is computer,Unethical
my figurer computer is hanging,Unethical
my computer is attend hanging,Unethical
is ,Unethical
my computer live is hanging,Unethical
calculator my computer is hanging,Unethical
computer hanging,Unethical
my computer is cling,Unethical
hanging,Unethical
my computer is fall,Unethical
computer my is hanging,Unethical
my house is flooding,Unethical
my flooding is house,Unethical
my house is oversupply,Unethical
is house my flooding,Unethical
my family is flooding,Unethical
house ,Unethical
is house my flooding,Unethical
my house ,Unethical
my theatre house is flooding,Unethical
my house exist is flooding,Unethical
my ,Unethical
is ,Unethical
house my is flooding,Unethical
my family house is flooding,Unethical
my ,Unethical
my house is flood,Unethical
my be house is flooding,Unethical
house ,Unethical
my home is flooding,Unethical
my is house flooding,Unethical
my house glut is flooding,Unethical
flood my house is flooding,Unethical
family my house is flooding,Unethical
my ,Unethical
my house is glut flooding,Unethical
flooding house is my,Unethical
my theatre is flooding,Unethical
my house flooding is,Unethical
glut my house is flooding,Unethical
my theater is flooding,Unethical
my mansion is flooding,Unethical
my firm is flooding,Unethical
my house is glut,Unethical
flooding,Unethical
my house domiciliate is flooding,Unethical
my is house flooding,Unethical
is ,Unethical
flooding,Unethical
my house is cost flooding,Unethical
my sign is flooding,Unethical
my house is flooding,Unethical
my deluge house is flooding,Unethical
my house is inundate,Unethical
house my is flooding,Unethical
my household is flooding,Unethical
my house flooding is,Unethical
is ,Unethical
house ,Unethical
I need to pick up a package,Unethical
I need to pick up a iodin package,Unethical
bundle I need to pick up a package,Unethical
I one need to pick up a package,Unethical
to ,Unethical
I take to piece up a package,Unethical
I pauperism to filling up a package,Unethical
to need I pick up a package,Unethical
I a to pick up need package,Unethical
I postulate to picking up a package,Unethical
up need to pick I a package,Unethical
to ,Unethical
to ,Unethical
I need package pick up a to,Unethical
I need to pick up demand a package,Unethical
iodine need to woof up a package,Unethical
1 need to pickaxe up a package,Unethical
need ,Unethical
I need to pick up package a,Unethical
a ,Unethical
I need to pluck up a software,Unethical
I pauperism to plectron up a package,Unethical
a ,Unethical
a ,Unethical
I need a pick up to package,Unethical
a need to pick up I package,Unethical
package,Unethical
I need to plectrum pick up a package,Unethical
I ask to selection up a package,Unethical
I need up pick to a package,Unethical
need ,Unethical
I want to selection up a package,Unethical
I need to pick up bundle a package,Unethical
a ,Unethical
I need to pick up a astir package,Unethical
package need to pick up a I,Unethical
I picking need to pick up a package,Unethical
I need to pick up a beak package,Unethical
I need pick to up a package,Unethical
I penury to pick up a box,Unethical
I need upwards to pick up a package,Unethical
up ,Unethical
1 need to cull up a package,Unethical
a need to pick up I package,Unethical
I need to pick up A a package,Unethical
amp I need to pick up a package,Unethical
I penury to plectron up a package,Unethical
pick need to I up a package,Unethical
to ,Unethical
I have a headache,Unethical
a have I headache,Unethical
headache have a I,Unethical
1 have a headache,Unethical
throw I have a headache,Unethical
I have a concern,Unethical
I have headache a,Unethical
I have a vexation,Unethical
I have a adenine headache,Unethical
a ,Unethical
have I a headache,Unethical
one have a headache,Unethical
I have headache a,Unethical
I have a headache,Unethical
vexation I have a headache,Unethical
I have stimulate a headache,Unethical
I a ,Unethical
have ,Unethical
I ,Unethical
iodin have a headache,Unethical
unity have a headache,Unethical
ane have a headache,Unethical
single have a headache,Unethical
have ,Unethical
I headache a have,Unethical
iodine have a headache,Unethical
A I have a headache,Unethical
headache,Unethical
a ,Unethical
I ,Unethical
I ,Unethical
I have cephalalgia a headache,Unethical
headache,Unethical
I have iodin a headache,Unethical
I axerophthol have a headache,Unethical
I a have headache,Unethical
I headache a have,Unethical
I cephalalgia have a headache,Unethical
a ,Unethical
I sustain have a headache,Unethical
I have a cephalalgia,Unethical
I a have headache,Unethical
a have I headache,Unethical
have I a headache,Unethical
I have single a headache,Unethical
headache,Unethical
ace I have a headache,Unethical
ace have a headache,Unethical
I have a worry,Unethical
my stomach hurt,Unethical
my stomach wounded,Unethical
my stomach abdomen hurt,Unethical
stomach my hurt,Unethical
my brook hurt,Unethical
my injure stomach hurt,Unethical
stomach hurt,Unethical
my stomach support hurt,Unethical
my stomach trauma,Unethical
hurt,Unethical
my stomach scathe hurt,Unethical
my hurt,Unethical
my stomach tum hurt,Unethical
my endure hurt,Unethical
my stomach damage,Unethical
my ,Unethical
my stomach offend,Unethical
my stomach ,Unethical
stomach my hurt,Unethical
my stomach detriment,Unethical
endure my stomach hurt,Unethical
my stomach venter hurt,Unethical
my ,Unethical
my stomach hurt,Unethical
digest my stomach hurt,Unethical
my stomach hurt,Unethical
my stomach harm,Unethical
stomach ,Unethical
stomach ,Unethical
my belly hurt,Unethical
hurt stomach my,Unethical
bear my stomach hurt,Unethical
my tummy hurt,Unethical
my hurt stomach,Unethical
my stand stomach hurt,Unethical
my stomach wound,Unethical
my stomach suffer hurt,Unethical
hurt stomach my,Unethical
my hurt stomach,Unethical
support my stomach hurt,Unethical
my stomach smart,Unethical
hurt,Unethical
not feeling well,Unethical
not swell feeling well,Unethical
not feeling finger well,Unethical
not well feeling,Unethical
well feeling not,Unethical
good not feeling well,Unethical
not feeling non well,Unethical
not feeling well,Unethical
not flavour well,Unethical
not sense well,Unethical
feeling well,Unethical
not non feeling well,Unethical
not good feeling well,Unethical
feeling ,Unethical
well feeling not,Unethical
not feeling ,Unethical
not find well,Unethical
not feeling well,Unethical
not palpate well,Unethical
feeling not well,Unethical
not well feeling,Unethical
not feeling good,Unethical
not feeling wellspring well,Unethical
not ,Unethical
well,Unethical
not well,Unethical
not feeling advantageously,Unethical
not feeling substantially well,Unethical
well,Unethical
not touch feeling well,Unethical
feeling ,Unethical
not feeling intimately,Unethical
not ,Unethical
not experience well,Unethical
not notion well,Unethical
not belief well,Unethical
non not feeling well,Unethical
not feeling comfortably,Unethical
not spirit well,Unethical
feeling not well,Unethical
not advantageously feeling well,Unethical
not feeling swell well,Unethical
I have cramps,Unethical
I ,Unethical
I own have cramps,Unethical
unity have cramps,Unethical
cramps have I,Unethical
one I have cramps,Unethical
I cramps have,Unethical
I have cramps,Unethical
I have unity cramps,Unethical
I cramps,Unethical
I have spasm,Unethical
have ,Unethical
I have hamper cramps,Unethical
I have halter,Unethical
ane have cramps,Unethical
cause I have cramps,Unethical
single have cramps,Unethical
I have cramp,Unethical
I have experience cramps,Unethical
strangle I have cramps,Unethical
ace have cramps,Unethical
I iodine have cramps,Unethical
I cramps have,Unethical
have cramps,Unethical
I make have cramps,Unethical
1 have cramps,Unethical
have I cramps,Unethical
I ,Unethical
iodin have cramps,Unethical
cramps,Unethical
experience I have cramps,Unethical
one have cramps,Unethical
have I cramps,Unethical
cramps,Unethical
suffer I have cramps,Unethical
I unity have cramps,Unethical
I have ,Unethical
cramps have I,Unethical
i have cramps,Unethical
have ,Unethical
I have strangle,Unethical
I have cramps,Unethical
